name,ra,dec
2022example1,123.453454644,-30.34324332353
2022example2,120.32304852353,20.03204833089302
